{
  "years": [
    2006,
    2007,
    2008,
    2009,
    2010,
    2011,
    2012,
    2013,
    2014,
    2015,
    2016,
    2017,
    2018,
    2019,
    2020,
    2021,
    2022,
    2023,
    2024,
    2025
  ],
  "counts": [
    164,
    147,
    147,
    126,
    114,
    153,
    149,
    178,
    207,
    202,
    241,
    229,
    240,
    186,
    177,
    200,
    199,
    233,
    244,
    254
  ],
  "growth_rates": [
    -10.365853658536585,
    0.0,
    -14.285714285714285,
    -9.523809523809524,
    34.21052631578947,
    -2.6143790849673203,
    19.463087248322147,
    16.292134831460675,
    -2.4154589371980677,
    19.306930693069308,
    -4.979253112033195,
    4.8034934497816595,
    -22.5,
    -4.838709677419355,
    12.994350282485875,
    -0.5,
    17.08542713567839,
    4.721030042918455,
    4.098360655737705
  ],
  "total_anime": 3790,
  "avg_per_year": 189.5,
  "peak_year": 2025,
  "peak_count": 254
}