{
  "years": [
    2006,
    2007,
    2008,
    2009,
    2010,
    2011,
    2012,
    2013,
    2014,
    2015,
    2016,
    2017,
    2018,
    2019,
    2020,
    2021,
    2022,
    2023,
    2024,
    2025
  ],
  "counts": [
    93,
    88,
    95,
    90,
    88,
    90,
    87,
    89,
    93,
    88,
    88,
    90,
    87,
    89,
    90,
    91,
    94,
    89,
    94,
    92
  ],
  "growth_rates": [
    -5.376344086021505,
    7.954545454545454,
    -5.263157894736842,
    -2.2222222222222223,
    2.272727272727273,
    -3.3333333333333335,
    2.2988505747126435,
    4.49438202247191,
    -5.376344086021505,
    0.0,
    2.272727272727273,
    -3.3333333333333335,
    2.2988505747126435,
    1.1235955056179776,
    1.1111111111111112,
    3.296703296703297,
    -5.319148936170213,
    5.617977528089887,
    -2.127659574468085
  ],
  "total_anime": 1805,
  "avg_per_year": 90.2,
  "peak_year": 2008,
  "peak_count": 95
}